{
    "states": [
        "q1",
        "q3",
        "q0",
        "q2",
        "q4",
        "q5",
        "q7",
        "q9",
        "q10",
        "q11",
        "q6",
        "q8"
    ],
    "letters": [
        "a",
        "b"
    ],
    "transition_function": [
        [
            "q1",
            "a",
            "q3"
        ],
        [
            "q3",
            "$",
            "q2"
        ],
        [
            "q3",
            "$",
            "q1"
        ],
        [
            "q0",
            "$",
            "q1"
        ],
        [
            "q0",
            "$",
            "q2"
        ],
        [
            "q2",
            "$",
            "q4"
        ],
        [
            "q4",
            "a",
            "q5"
        ],
        [
            "q5",
            "$",
            "q6"
        ],
        [
            "q7",
            "b",
            "q9"
        ],
        [
            "q9",
            "$",
            "q10"
        ],
        [
            "q10",
            "b",
            "q11"
        ],
        [
            "q11",
            "$",
            "q8"
        ],
        [
            "q11",
            "$",
            "q7"
        ],
        [
            "q6",
            "$",
            "q7"
        ],
        [
            "q6",
            "$",
            "q8"
        ]
    ],
    "start_states": [
        "q0"
    ],
    "final_states": [
        "q8"
    ]
}