{
    "states": [
        [
            "f"
        ],
        [
            "c",
            "d",
            "e"
        ],
        [
            "a",
            "b"
        ]
    ],
    "letters": [
        "0",
        "1"
    ],
    "transition_matrix": [
        [
            [
                "a",
                "b"
            ],
            "0",
            [
                "a",
                "b"
            ]
        ],
        [
            [
                "a",
                "b"
            ],
            "1",
            [
                "c",
                "d",
                "e"
            ]
        ],
        [
            [
                "c",
                "d",
                "e"
            ],
            "0",
            [
                "c",
                "d",
                "e"
            ]
        ],
        [
            [
                "c",
                "d",
                "e"
            ],
            "1",
            [
                "f"
            ]
        ],
        [
            [
                "f"
            ],
            "0",
            [
                "f"
            ]
        ],
        [
            [
                "f"
            ],
            "1",
            [
                "f"
            ]
        ]
    ],
    "start_states": [
        [
            "a",
            "b"
        ]
    ],
    "final_states": [
        [
            "c",
            "d",
            "e"
        ]
    ]
}